Id,Title,Labels,Iteration,Iteration Start,Iteration End,Type,Estimate,Priority,Current State,Created at,Accepted at,Deadline,Requested By,Description,URL,Owned By,Owned By,Blocker,Blocker Status,Blocker,Blocker Status,Blocker,Blocker Status,Comment,Comment,Comment,Task,Task Status,Task,Task Status,Task,Task Status,Task,Task Status,Task,Task Status,Task,Task Status
5034701,UI Design,ui design,,,,epic,,,,"Oct 16, 2022",,,,Follow Christol's Figma implementation,https://www.pivotaltracker.com/epic/show/5034701,,,,,,,,,,,,,,,,,,,,,,,
5032386,user center,user center,,,,epic,,,,"Oct 11, 2022",,,,,https://www.pivotaltracker.com/epic/show/5032386,,,,,,,,,,,,,,,,,,,,,,,
5032385,store management,store management,,,,epic,,,,"Oct 11, 2022",,,,,https://www.pivotaltracker.com/epic/show/5032385,,,,,,,,,,,,,,,,,,,,,,,
5032384,prescription creation,prescription creation,,,,epic,,,,"Oct 11, 2022",,,,,https://www.pivotaltracker.com/epic/show/5032384,,,,,,,,,,,,,,,,,,,,,,,
5032383,doctor panel,doctor panel,,,,epic,,,,"Oct 11, 2022",,,,,https://www.pivotaltracker.com/epic/show/5032383,,,,,,,,,,,,,,,,,,,,,,,
5032382,buying medicine,buying medicine,,,,epic,,,,"Oct 11, 2022",,,,,https://www.pivotaltracker.com/epic/show/5032382,,,,,,,,,,,,,,,,,,,,,,,
183552030,Search Bar Implementation,ui design,1,"Oct 31, 2022","Nov 6, 2022",chore,,p3 - Low,accepted,"Oct 16, 2022","Nov 2, 2022",,Ignacio Joaquin Moral,,https://www.pivotaltracker.com/story/show/183552030,Zahit Odabas,,,,,,,,,,,,,,,,,,,,,,
183358919,Find a Medication,"buying medicine, customer, essential, finished",5,"Nov 28, 2022","Dec 4, 2022",feature,3,p1 - High,accepted,"Sep 23, 2022","Dec 3, 2022",,Ryan Burns,"As a customer, I want to search for a medication, so that I can add it to my shopping cart.",https://www.pivotaltracker.com/story/show/183358919,Ryan Burns,Zahit Odabas,,,,,,,"Given the search bar is displayed
When I click the search button without providing any valid prescription name
Then an error message should display ""I'm sorry the prescription cannot be found"" (Ryan Burns - Oct 3, 2022)","Given I have a medication in mind,
When I enter the medication name and click the ""Search"" button,
Then I will be directed to a window that shows me a selection of that medicine in stock. (Ryan Burns - Oct 5, 2022)",,Create a customer class - .5 hr,not completed,Create a UI for the customer to search - 2 hr,not completed,have access to a db that contains medication data 1 hr,not completed,create a GUi with the products image -1 hr.,not completed,write unit tests -1.5 hr,not completed,,
183370536,Doctor's Prescription Input,"desirable, doctor panel, finished, prescription creation",5,"Nov 28, 2022","Dec 4, 2022",feature,1,p2 - Medium,accepted,"Sep 24, 2022","Dec 3, 2022",,Ignacio Joaquin Moral,"As a doctor, I wish to have a ""Create Prescription"" section, so that I can write it immediately on the website without having to worry about patients doing it themselves.

If a patient with a fake prescription pretends to register, the doctors need to be able to deny a prescription application. If a patient has a correct prescription, they are allowed to shop.
",https://www.pivotaltracker.com/story/show/183370536,Ignacio Joaquin Moral,,Doctor Administration Panel #Story,resolved,Database needs to be completed #Feature,resolved,Submit prescription function needs to be complete #Feature,resolved,,,,,,,,,,,,,,,
183516450,Automatic Prescription Verification,"doctor panel, finished, prescription creation",5,"Nov 28, 2022","Dec 4, 2022",feature,2,p1 - High,accepted,"Oct 11, 2022","Dec 3, 2022",,Ignacio Joaquin Moral,"As a doctor, I want the system to automatically verify the prescription that I generate, so that my client is able to buy their medicine as soon as possible",https://www.pivotaltracker.com/story/show/183516450,Ignacio Joaquin Moral,,Doctor's Prescription Input #Story,resolved,,,,,,,,,,,,,,,,,,,
183516439,Searching Medicine by Name,"buying medicine, finished, ui/ux",5,"Nov 28, 2022","Dec 4, 2022",feature,2,p3 - Low,accepted,"Oct 11, 2022","Dec 3, 2022",,Ignacio Joaquin Moral,"As a client, I wish for a ""search by name"" filter, so that I can find my medicine quickly.",https://www.pivotaltracker.com/story/show/183516439,Ignacio Joaquin Moral,,,,,,,,"Given that the search functionality has been implemented,
When I input the name of a medicine in the search filter,
Then the appropriate medicine will display. (Ignacio Joaquin Moral - Oct 11, 2022)","Given that the search functionality has been implemented,
When I don't input anything,
Then the search functionality (acts as a wildcard, displaying all medicine)/(doesn't display any medicine). (Ignacio Joaquin Moral - Oct 11, 2022)","Given that the search functionality has been implemented,
When I input a medicine that doesn't exist,
Then the page will display that ""There's no medicine with that name in our page"" (Ignacio Joaquin Moral - Oct 11, 2022)",,,,,,,,,,,,
183370563, Check Price,"buying medicine, customer, finished",5,"Nov 28, 2022","Dec 4, 2022",feature,1,p3 - Low,accepted,"Sep 25, 2022","Dec 3, 2022",,Ryan Burns,"As a customer I want to browse medications so that I can see the medication cost

",https://www.pivotaltracker.com/story/show/183370563,Zahit Odabas,,,,,,,,"Acceptance Test:
Given that I am in the website as a user, and medicines are available for purchases, 
When I search for medicines in the website,
Then the prices for the medicines should show up in an easy-to-read and understand manner. (Ryan Burns - Oct 3, 2022)",,,have a db that has access to all medication prices,not completed,,,,,,,,,,
183366149,Shopping cart,"buying medicine, desirable, finished",6,"Dec 5, 2022","Dec 11, 2022",feature,3,p3 - Low,accepted,"Sep 23, 2022","Dec 6, 2022",,Zahit Odabas,"As a user, I want to add/remove the medication items into my shopping cart, so that I can checkout multiple items at once",https://www.pivotaltracker.com/story/show/183366149,Ryan Burns,,,,,,,,"Given a user searched for medication and displayed a medication list, when user clicks ""add to cart"" button on image, then user should display his cart icon on the right corner of the page with the correct amount of items (Zahit Odabas - Sep 23, 2022)","Given a user has some items on the shopping cart, when user clicks the shopping cart icon on the right corner of the page, then he should display the shopping cart page presenting the items, quantities and prices. (Zahit Odabas - Sep 23, 2022)","Given the user displays the shopping cart page, when user clicks increment/decrement buttons on the items, then he should display the new quantities and (total) prices of the items regarding his action. (Zahit Odabas - Sep 23, 2022)", Implement a shopping cart functionality in front-end related with user cookie (ZO) - 4h,not completed,"Create ""add to cart"" buttons on the item images in the web store (ZO) - 1h",not completed,Create a shopping cart page to allow user review and update the cart (ZO) - 3h,not completed,Create quantity increment and decrement buttons for each item on the shopping cart page (ZO) - 1h,not completed,Write unit tests (ZO) - 1h,not completed,,
183516417,Generic Branding,"buying medicine, finished, store management, ui/ux",6,"Dec 5, 2022","Dec 11, 2022",feature,2,p2 - Medium,accepted,"Oct 11, 2022","Dec 6, 2022",,Ignacio Joaquin Moral,"As a client, I want that the prescription medicine is only the ""generic branding"" so that I don't have to search between multiple brandings which I might not know.",https://www.pivotaltracker.com/story/show/183516417,Ignacio Joaquin Moral,,,,,,,,,,,,,,,,,,,,,,
183364724,Active ingredients,"buying medicine, essential, finished, search category",6,"Dec 5, 2022","Dec 11, 2022",feature,1,p2 - Medium,accepted,"Sep 23, 2022","Dec 6, 2022",,Zahit Odabas,"As a user, I want to search medicine by active ingredients, so that I can compare the features of similar medications",https://www.pivotaltracker.com/story/show/183364724,Ignacio Joaquin Moral,,DB and medication table implementation #chore,resolved,,,,,"Given a search category dropbox and a search bar available:
When user; 
    - selects the ""Active Ingredients"" category 
    - types something in the search bar
    - press enter or clicks search button

Then, all medication that has the given active ingredient keyword should be displayed on the screen (Zahit Odabas - Sep 23, 2022)","Given ""active ingredients"" category selected in dropbox and a search bar available, when user types a keyword and press enter or click submit button, then user should be able to see all medication result with an image of medication, name, price and stock quantity. (Zahit Odabas - Sep 23, 2022)","Given a medication search result is available on the page, when user clicks on an image of a medication, then details of the medication should be displayed on the page such as form, dosage, adverse effects, e.g. (Zahit Odabas - Sep 23, 2022)",Gather medication data with active ingredients (ZO) - 0.5h,not completed,Populate database with medication data (ZO) - 1h,not completed,Create a search bar with a search category dropbox UI (ZO) - 2h,not completed,Create a search button UI,not completed,Implement the code to fetch medication data from DB present the results on the page (ZO) - 3h,not completed,Write unit tests (ZO) - 1h,not completed
183370533,Doctor Administration Panel,"desirable, doctor panel, finished",6,"Dec 5, 2022","Dec 11, 2022",feature,1,p3 - Low,accepted,"Sep 24, 2022","Dec 7, 2022",,Ignacio Joaquin Moral,"As a doctor, I wish to have an administration panel so that I can register the prescriptions in an easier manner.",https://www.pivotaltracker.com/story/show/183370533,Ignacio Joaquin Moral,,,,,,,,,,,,,,,,,,,,,,
183456915,Limiting the number of medicines to be brought.,"desirable, easy to config",7,"Dec 12, 2022","Dec 18, 2022",feature,1,p2 - Medium,unstarted,"Oct 4, 2022",,,nivan283,As a store owner I should have a logic that stops user from hoarding medicines so that other users can order medicines.,https://www.pivotaltracker.com/story/show/183456915,Ignacio Joaquin Moral,,,,,,,,"Given when user adds prescribed medicines to cart and the total count is greater than the allowed quantity a warning will be showed that when the quantity is less than or equal to allowed then only user can proceed to payment page. The checkout  button would be disabled and only reduce quantity button will be available.

 (nivan283 - Oct 5, 2022)","Given that user faces the warning and reduces the quantity the checkout button will be displayed and the user can proceed to payment page. (nivan283 - Oct 5, 2022)",,Add the logic code to the cart option so that no one can order more than 2 weeks worth of prescription.,not completed,,,,,,,,,,
183370546,Payment Notification,"buying medicine, essential, patient, ui/ux",7,"Dec 12, 2022","Dec 18, 2022",feature,2,p1 - High,unstarted,"Sep 24, 2022",,,Ignacio Joaquin Moral,"As a user, I wish for a notification that my payment has been received/sent, so that I don't pay multiple times for very expensive medicine.

If the user is paying online, the user won't have infinite money lying around, so they need a way of knowing that their payment was sent/received.",https://www.pivotaltracker.com/story/show/183370546,Youqing Shao,,Shopping Cart needs to be implemented #Feature,blocked,Being able to buy medicine needs to be implemented #Feature,blocked,,,,,,,,,,,,,,,,,
183370568,Enter Prescription data,store management,7,"Dec 12, 2022","Dec 18, 2022",feature,,p3 - Low,unstarted,"Sep 25, 2022",,,Ryan Burns,"As a user, I want to enter my prescription details into a field, so I can insure my prescription request can be processed. (is this a bad User Story?)",https://www.pivotaltracker.com/story/show/183370568,,,,,,,,,,,,,,,,,,,,,,,
183456876,order status,"buying medicine, essential, patient, user center",,,,feature,2,p2 - Medium,unscheduled,"Oct 4, 2022",,,Youqing Shao,"As a user, I wish to be able to see my all order status, i can search my order status to receive the order. If the order is not available, I will cancel the order",https://www.pivotaltracker.com/story/show/183456876,Youqing Shao,,order status #feature,blocked,,,,,"Given a use to search their order stratus, then they schedule the order reasonably, (Youqing Shao - Oct 4, 2022)",,,database about order 4h,not completed,order status page 4h,not completed,,,,,,,,
183456763,Receiving email notification for the prescription near the due date and price drop.,"buying medicine, customer, nice to have, user center",,,,feature,,p2 - Medium,unscheduled,"Oct 4, 2022",,,nivan283,As a user when I order medicine the store should send a notification when I am 3 days shy of the medicine end period.(Condition to be applied that user can buy medicine for 2 weeks max).,https://www.pivotaltracker.com/story/show/183456763,,,,,,,,,"Given that user has ordered medicine in the past the data will be stored in the database where along with user id, prescription date, valid till email address will be stored and every 24 hours the setTimeout will make a fetch call to the database and check whether the date of expiry is less than 3 days. If its true and the user is within valid till date then an email will be sent to the user that his medication is near expiration. If not true then the system will wait for next setTimeout call. (nivan283 - Oct 5, 2022)","Given that the price of medicine drops and the user is a frequent buyer of the medicine and within valid date prescription an email notification will be sent alerting user of price drop along with the difference in price. (nivan283 - Oct 5, 2022)",,Create the database table and integrate it with nodemon functionality.(NH)- 2h,not completed,Add the setTimeout functionality to execute fetch call and verify the json data.(NH) - 2h,not completed,,,,,,,,
183456363,drugs management page,"easy to config, store management",,,,feature,1,p3 - Low,unscheduled,"Oct 4, 2022",,,Youqing Shao,"As a drug manager, I wish for a email notice When the drug is lower than the warning value, and manager can control all storage of drugs.",https://www.pivotaltracker.com/story/show/183456363,Youqing Shao,,Database needs to be completed #feature,blocked,page can config every drug #feature,blocked,,,"Given the feature of sending email, drop email to manager when the storage is lower than warning value. (Youqing Shao - Oct 4, 2022)","Given an drug config page , then manager can edit all online storage according to true case (Youqing Shao - Oct 4, 2022)",,config the warning value. 6h,not completed,send email to drug manager  4h,not completed,develop drug management page 8h,not completed,,,,,,
183456317,Entering prescription number and id only when prescribed medicines are added to cart.,"buying medicine, customer, essential, user authentication, user center",,,,feature,1,p1 - High,unscheduled,"Oct 4, 2022",,,nivan283,As a user I want to enter prescription number only if I select a medicine that requires prescription and not on the general medicines. If i have a mix of general medicines  and prescribed medicines then only i should be asked to enter prescription number.,https://www.pivotaltracker.com/story/show/183456317,,,,,,,,,"Given that user has non-prescribed medicines in the cart, if the user wants to checkout they should be straight away taken to the payment page . (nivan283 - Oct 5, 2022)","Given that user has either only prescribed medicines or a mix of prescribed and non-prescribed medicines they should be asked for prescription number. Once its verified the user will be redirected to payment portal. If it fails the user will get a alert that prescription is wrong.   (nivan283 - Oct 5, 2022)",,Add the logic code before checking out from store by using the flag descriptor on each medicine sold. (NH) - 4h,not completed,Add unit test and integration test for the whole end to end flow. ,not completed,,,,,,,,
183449984,Check Prescription Status,"customer, nice to have, user center",,,,feature,1,p3 - Low,unscheduled,"Oct 4, 2022",,,Ryan Burns,"As a customer, I want to be able to check the status of my prescription refill request, so that I can know it's progress.
",https://www.pivotaltracker.com/story/show/183449984,Ryan Burns,,,,,,,,"Given  I have a confirmation number & their zip code and the ""Check Rx Status"" button is available, 
When I click the ""Check Rx Status"" button
Then the ""Check Status"" screen pops up with the following fields available: confirmation number and zip code.  (Ryan Burns - Oct 5, 2022)","Given I click the ""check Rx Status"" button
When I enter my name in either of the fields and hit ""Submit"" 
Then an error message pops ups saying ""We're sorry, you must enter a valid confirmation number and zip code."" (Ryan Burns - Oct 5, 2022)","Given a customer has a confirmation number & zip code to enter,
when they enter the correct information and select the ""Submit"" button,
Then a popup will show that the prescription status is either ""under review"", ""approved"", or ""denied"" (Ryan Burns - Oct 5, 2022)",Create a customer class - .5 hr,not completed,Create a json file of confirmation numbers or DB with varying statuses - .75 hr,not completed,create UI for the customer to check the status with the confirmation # and zip code - 3 hr,not completed,write unit tests - 1.5 hr,not completed,,,,
183448289,Order History,"order management, user center",,,,feature,2,p3 - Low,unscheduled,"Oct 3, 2022",,,Christol Yu,"As a registered user, I wish to be able to see my order history and check each order's details.",https://www.pivotaltracker.com/story/show/183448289,,,,,,,,,"Given a user has logged in and entered user center, when the user clicks 'order management' on nav bar, the user's all placed orders are displayed. For each order, the order id, time, payment amount, status (finished or pending or canceled) and ordered medication are displayed. (Christol Yu - Oct 3, 2022)","Given the order history page is ready, when the user clicks the 'order details' button on any order info card, a modal pops up and displays further details of the order, further details include delivery address, Rx number, payment details (discounts, coupons, tax, delivery fee), delivery date, each medication's price and amount. (Christol Yu - Oct 6, 2022)",,Build up user order database. -- 5 person hours,not completed,Develop order info APIs. -- 3-5 person hours,not completed,Develop order history UI. -- 3-5 person hours,not completed,Link the front-end to back-end and carry out tests. -- 3 person hours,not completed,,,,
183448057,Personal Profile,user center,,,,feature,2,p3 - Low,unscheduled,"Oct 3, 2022",,,Christol Yu,"As a registered user, I wish for a personal profile page where I can see and change my account information.",https://www.pivotaltracker.com/story/show/183448057,,,,,,,,,"Given a user has logged in and entered user center, when the user clicks 'personal profile' on nav bar, user's name, email, birthday, address, payment method (and other personal information if there exists) are displayed. (Christol Yu - Oct 3, 2022)","Given the personal profile page is ready, when the user clicks any personal information the information can be edited, a 'confirm' button and a 'cancel' button are available, when user clicks the 'confirm' button new personal information is posted to the database and the user quits editing mode, when the user click the 'cancel' button, no matter whether information is edited or not the user quits editing mode without any change saved. (Christol Yu - Oct 3, 2022)",,Build up user database. -- 5 person hours,not completed,Develop user info APIs for info rendering and editing. -- 2 person hours,not completed,Develop the front-end UI for personal profile page(s). -- 5 person hours,not completed,Link the front end to back end and carry out tests. -- 3 person hours,not completed,,,,
183372185,Multiple costs,"buying medicine, desirable, patient, ui/ux",,,,feature,,p3 - Low,unscheduled,"Sep 25, 2022",,,Ignacio Joaquin Moral,"As a user, I wish to be able to see both prescription-full and prescription-less costs, so that, if I don't have my prescription accepted, I can still buy the non-prescription based medicine",https://www.pivotaltracker.com/story/show/183372185,Ignacio Joaquin Moral,,Shopping cart #story,blocked,,,,,"Acceptance Test:
Given that I already signed in, haven't been accepted the prescription, and have both prescription and non-prescription medicine in the shopping cart,
When I click on the shopping cart, and attempt to see the cost,
Then the two costs, both with and without prescription medicine, will be seen.

Acceptance Test:
Given that I haven't signed in, and I attempt to introduce medicine to the shopping cart,
When I click on the shopping cart and see the cost,
Then I should only be able to see the non-prescription medicine cost. (Ignacio Joaquin Moral - Oct 5, 2022)",,,Adding medicine to website (0.5h),not completed,Adding cost to the medicine (0.5h),not completed,Implementing shopping cart (3hrs),not completed,Implementing whether the medicine is prescription-based or not (0.5h),not completed,Cost calculator (1hr),not completed,,
183372177,"""My Prescriptions""","buying medicine, nice to have, patient, ui/ux, user center",,,,chore,,p3 - Low,unscheduled,"Sep 25, 2022",,,Ignacio Joaquin Moral,"As a user, I wish to have a ""My Prescriptions"" page, so that I can find my prescriptions easier without having to search for them again.

A possible ""saved prescriptions"" page would also allow for limited refills and will keep other prescriptions blocked from purchase.

Acceptance Test: 
Given that I have logged in, have already bought medicine in the past, and the ""My Medicines"" section is available, 
When I click on the ""My Medicines"" button/section, 
Then I will be able to see the medicines I have ordered in the past, and I'm able to add them to the shopping cart.",https://www.pivotaltracker.com/story/show/183372177,,,Log In would be required #story,blocked,,,,,,,,,,,,,,,,,,,
183358954,select dosage,buying medicine,,,,feature,2,p2 - Medium,unscheduled,"Sep 23, 2022",,,Ryan Burns,"As a customer, I want to browse medications, so that I can see medication dosages.",https://www.pivotaltracker.com/story/show/183358954,,,,,,,,,,,,,,,,,,,,,,,
